idx,movie_review,type
0,this is great great movie. I will watch again,positive
1,I like this movie,positive
2,amazing movie in this year,positive
3,cool my boyfriend also said the movie is cool,positive
4,awesome of the awesome movie ever,positive
5,shame I wasted money and time,negative
6,regret on this move. I will never never what movie from this director,negative
7,I do not like this movie,negative
8,I do not like actors in this movie,negative
9,boring boring sleeping movie,negative
